{
    "CampaignName_Error": " Please Enter Campaign Name",
    "CampaignBudget_Error": " Please Enter Budget",
    "CampaignStartDate_Error": " Please Select Start Date",
    "CampaignEndDate_Error": " Please Select End Date",
    "CampaignDayOfWeek_Error": " Please Select Day of Week or All",
    "CampaignDayOfPart_Error": " Please Select Day of Part or All",
    "CampaignPlatform_Error": " Please Select Platforms",
    "CampaignAdvertiser_Error": " Please Enter Advertiser Name ",
    "UserFirstName_Error": " Please Enter Users Firstname",
    "UserLastName_Error": " Please Enter Users Lastname",
    "UserEmail_Error": " Please Enter Valid Email Address",
    "UserCompany_Error": " Please Enter Users Company Name",
    "UserRole_Error": " Please Select User Role",
    "SegmentName_Error": " Please Enter Segment Name",
    "SegmentDescription_Error": " Please Enter Segment Description",
    "LegacyID_Error": " Please Enter Legacy ID",
    "AdobeSegmentId_Error": " Please Enter Adobe Segment ID",
    "CreativeFormat_Error": " Please Select Creative Formats",
    "ReportingId_Error": " Please enter the proposal id",
    "ReportingId_NotFound_Error": " Report doesn't exist",
    "SubCategoryId_Error": " Please select subcategory",
    "GOAL_MISSING": " Please select a goal from each section above"
}